{"cameraMode":{"drawMode":0,"name":"Shaded","section":"Shading Mode"},"sceneLighting":false,"audioPlay":false,"sceneViewState":{"showFog":false,"showMaterialUpdate":false,"showSkybox":false,"showFlares":false,"showImageEffects":false,"showParticleSystems":false},"in2DMode":false,"pivot":{"x":0.6881529092788696,"y":0.8068599700927734,"z":12.587041854858399},"rotation":{"x":-0.16634871065616609,"y":-0.6670710444450378,"z":0.15648216009140016,"w":-0.7092328071594238},"size":5.490392684936523,"orthographic":false}