{"cameraMode":{"drawMode":0,"name":"Shaded","section":"Shading Mode"},"sceneLighting":false,"audioPlay":false,"sceneViewState":{"showFog":false,"showMaterialUpdate":false,"showSkybox":false,"showFlares":false,"showImageEffects":false,"showParticleSystems":false},"in2DMode":false,"pivot":{"x":-1.6803679466247559,"y":1.6915130615234376,"z":0.02295742556452751},"rotation":{"x":-0.011495999991893769,"y":0.9829283356666565,"z":-0.17216098308563233,"w":-0.065202996134758},"size":8.140666007995606,"orthographic":false}