{"cameraMode":{"drawMode":0,"name":"Shaded","section":"Shading Mode"},"sceneLighting":true,"audioPlay":false,"sceneViewState":{"showFog":false,"showMaterialUpdate":false,"showSkybox":true,"showFlares":false,"showImageEffects":false,"showParticleSystems":false},"in2DMode":false,"pivot":{"x":17.087196350097658,"y":-194.52487182617188,"z":209.69821166992188},"rotation":{"x":-0.32625916600227358,"y":0.02164880372583866,"z":-0.007343181408941746,"w":-0.9451082944869995},"size":325.189697265625,"orthographic":false}