{"cameraMode":{"drawMode":0,"name":"Shaded","section":"Shading Mode"},"sceneLighting":false,"audioPlay":false,"sceneViewState":{"showFog":false,"showMaterialUpdate":false,"showSkybox":false,"showFlares":false,"showImageEffects":false,"showParticleSystems":false},"in2DMode":false,"pivot":{"x":2.756999969482422,"y":-9.452439308166504,"z":29.618000030517579},"rotation":{"x":0.06982691586017609,"y":-0.02094760537147522,"z":0.0014675665879622102,"w":0.997355580329895},"size":3.361227512359619,"orthographic":false}